id,cname,continent
1,Abbeville,unitedstates
2,Acadia,unitedstates
3,Accomack,unitedstates
4,Ada,unitedstates
5,Adair,unitedstates
6,Adams,unitedstates
7,Addison,unitedstates
8,Aiken,unitedstates
9,Aitkin,unitedstates
10,Alachua,unitedstates
11,Alamance,unitedstates
12,Alameda,unitedstates
13,Alamosa,unitedstates
14,Albany,unitedstates
15,Albemarle,unitedstates
16,Alcona,unitedstates
17,Alcorn,unitedstates
18,AleutiansEast,unitedstates
19,AleutiansWest,unitedstates
20,Alexander,unitedstates
21,Alexandria,unitedstates
22,Alfalfa,unitedstates
23,Alger,unitedstates
24,Allamakee,unitedstates
25,Allegan,unitedstates
26,Allegany,unitedstates
27,Alleghany,unitedstates
28,Allegheny,unitedstates
29,Allen,unitedstates
30,Allendale,unitedstates
31,Alpena,unitedstates
32,Alpine,unitedstates
33,Amador,unitedstates
34,Amelia,unitedstates
35,Amherst,unitedstates
36,Amite,unitedstates
37,Anchorage,unitedstates
38,Anderson,unitedstates
39,Andrew,unitedstates
40,Andrews,unitedstates
41,Androscoggin,unitedstates
42,Angelina,unitedstates
43,AnneArundel,unitedstates
44,Anoka,unitedstates
45,Anson,unitedstates
46,Antelope,unitedstates
47,Antrim,unitedstates
48,Apache,unitedstates
49,Appanoose,unitedstates
50,Appling,unitedstates
51,Appomattox,unitedstates
52,Aransas,unitedstates
53,Arapahoe,unitedstates
54,Archer,unitedstates
55,Archuleta,unitedstates
56,Arenac,unitedstates
57,Arkansas,unitedstates
58,Arlington,unitedstates
59,Armstrong,unitedstates
60,Aroostook,unitedstates
61,Arthur,unitedstates
62,Ascension,unitedstates
63,Ashe,unitedstates
64,Ashland,unitedstates
65,Ashley,unitedstates
66,Ashtabula,unitedstates
67,Asotin,unitedstates
68,Assumption,unitedstates
69,Atascosa,unitedstates
70,Atchison,unitedstates
71,Athens,unitedstates
72,Atkinson,unitedstates
73,Atlantic,unitedstates
74,Atoka,unitedstates
75,Attala,unitedstates
76,Audrain,unitedstates
77,Audubon,unitedstates
78,Auglaize,unitedstates
79,Augusta,unitedstates
80,Aurora,unitedstates
81,Austin,unitedstates
82,Autauga,unitedstates
83,Avery,unitedstates
84,Avoyelles,unitedstates
85,Baca,unitedstates
86,Bacon,unitedstates
87,Bailey,unitedstates
88,Baker,unitedstates
89,Baldwin,unitedstates
90,Ballard,unitedstates
91,Baltimore,unitedstates
92,Bamberg,unitedstates
93,Bandera,unitedstates
94,Banks,unitedstates
95,Banner,unitedstates
96,Bannock,unitedstates
97,Baraga,unitedstates
98,Barber,unitedstates
99,Barbour,unitedstates
100,Barnes,unitedstates
101,Barnstable,unitedstates
102,Barnwell,unitedstates
103,Barren,unitedstates
104,Barron,unitedstates
105,Barrow,unitedstates
106,Barry,unitedstates
107,Bartholomew,unitedstates
108,Barton,unitedstates
109,Bartow,unitedstates
110,Bastrop,unitedstates
111,Bates,unitedstates
112,Bath,unitedstates
113,Baxter,unitedstates
114,Bay,unitedstates
115,Bayfield,unitedstates
116,Baylor,unitedstates
117,Beadle,unitedstates
118,BearLake,unitedstates
119,Beaufort,unitedstates
120,Beauregard,unitedstates
121,Beaver,unitedstates
122,Beaverhead,unitedstates
123,Becker,unitedstates
124,Beckham,unitedstates
125,Bedford,unitedstates
126,Bee,unitedstates
127,Belknap,unitedstates
128,Bell,unitedstates
129,Belmont,unitedstates
130,Beltrami,unitedstates
131,BenHill,unitedstates
132,Benewah,unitedstates
133,Bennett,unitedstates
134,Bennington,unitedstates
135,Benson,unitedstates
136,Bent,unitedstates
137,Benton,unitedstates
138,Benzie,unitedstates
139,Bergen,unitedstates
140,Berkeley,unitedstates
141,Berks,unitedstates
142,Berkshire,unitedstates
143,Bernalillo,unitedstates
144,Berrien,unitedstates
145,Bertie,unitedstates
146,Bethel,unitedstates
147,Bexar,unitedstates
148,Bibb,unitedstates
149,Bienville,unitedstates
150,BigHorn,unitedstates
151,BigStone,unitedstates
152,Billings,unitedstates
153,Bingham,unitedstates
154,BlackHawk,unitedstates
155,Blackford,unitedstates
156,Bladen,unitedstates
157,Blaine,unitedstates
158,Blair,unitedstates
159,Blanco,unitedstates
160,Bland,unitedstates
161,Bleckley,unitedstates
162,Bledsoe,unitedstates
163,Blount,unitedstates
164,BlueEarth,unitedstates
165,Boise,unitedstates
166,Bolivar,unitedstates
167,Bollinger,unitedstates
168,BonHomme,unitedstates
169,Bond,unitedstates
170,Bonner,unitedstates
171,Bonneville,unitedstates
172,Boone,unitedstates
173,Borden,unitedstates
174,Bosque,unitedstates
175,Bossier,unitedstates
176,Botetourt,unitedstates
177,Bottineau,unitedstates
178,Boulder,unitedstates
179,Boundary,unitedstates
180,Bourbon,unitedstates
181,Bowie,unitedstates
182,Bowman,unitedstates
183,BoxButte,unitedstates
184,BoxElder,unitedstates
185,Boyd,unitedstates
186,Boyle,unitedstates
187,Bracken,unitedstates
188,Bradford,unitedstates
189,Bradley,unitedstates
190,Branch,unitedstates
191,Brantley,unitedstates
192,Braxton,unitedstates
193,Brazoria,unitedstates
194,Brazos,unitedstates
195,Breathitt,unitedstates
196,Breckinridge,unitedstates
197,Bremer,unitedstates
198,Brevard,unitedstates
199,Brewster,unitedstates
200,Briscoe,unitedstates
201,Bristol,unitedstates
202,BristolBay,unitedstates
203,Broadwater,unitedstates
204,Bronx,unitedstates
205,Brooke,unitedstates
206,Brookings,unitedstates
207,Brooks,unitedstates
208,Broome,unitedstates
209,Broomfield,unitedstates
210,Broward,unitedstates
211,Brown,unitedstates
212,Brule,unitedstates
213,Brunswick,unitedstates
214,Bryan,unitedstates
215,Buchanan,unitedstates
216,Buckingham,unitedstates
217,Bucks,unitedstates
218,BuenaVista,unitedstates
219,Buffalo,unitedstates
220,Bullitt,unitedstates
221,Bulloch,unitedstates
222,Bullock,unitedstates
223,Buncombe,unitedstates
224,Bureau,unitedstates
225,Burke,unitedstates
226,Burleigh,unitedstates
227,Burleson,unitedstates
228,Burlington,unitedstates
229,Burnet,unitedstates
230,Burnett,unitedstates
231,Burt,unitedstates
232,Butler,unitedstates
233,Butte,unitedstates
234,Butts,unitedstates
235,Cabarrus,unitedstates
236,Cabell,unitedstates
237,Cache,unitedstates
238,Caddo,unitedstates
239,Calaveras,unitedstates
240,Calcasieu,unitedstates
241,Caldwell,unitedstates
242,Caledonia,unitedstates
243,Calhoun,unitedstates
244,Callahan,unitedstates
245,Callaway,unitedstates
246,Calloway,unitedstates
247,Calumet,unitedstates
248,Calvert,unitedstates
249,Camas,unitedstates
250,Cambria,unitedstates
251,Camden,unitedstates
252,Cameron,unitedstates
253,Camp,unitedstates
254,Campbell,unitedstates
255,Canadian,unitedstates
256,Candler,unitedstates
257,Cannon,unitedstates
258,Canyon,unitedstates
259,CapeGirardeau,unitedstates
260,CapeMay,unitedstates
261,Carbon,unitedstates
262,Caribou,unitedstates
263,Carlisle,unitedstates
264,Carlton,unitedstates
265,Caroline,unitedstates
266,Carroll,unitedstates
267,Carson,unitedstates
268,CarsonCity,unitedstates
269,Carter,unitedstates
270,Carteret,unitedstates
271,Carver,unitedstates
272,Cascade,unitedstates
273,Casey,unitedstates
274,Cass,unitedstates
275,Cassia,unitedstates
276,Castro,unitedstates
277,Caswell,unitedstates
278,Catahoula,unitedstates
279,Catawba,unitedstates
280,Catoosa,unitedstates
281,Catron,unitedstates
282,Cattaraugus,unitedstates
283,Cavalier,unitedstates
284,Cayuga,unitedstates
285,Cecil,unitedstates
286,Cedar,unitedstates
287,Centre,unitedstates
288,CerroGordo,unitedstates
289,Chaffee,unitedstates
290,Chambers,unitedstates
291,Champaign,unitedstates
292,Chariton,unitedstates
293,Charles,unitedstates
294,CharlesCity,unitedstates
295,CharlesMix,unitedstates
296,Charleston,unitedstates
297,Charlevoix,unitedstates
298,Charlotte,unitedstates
299,Charlottesville,unitedstates
300,Charlton,unitedstates
301,Chase,unitedstates
302,Chatham,unitedstates
303,Chattahoochee,unitedstates
304,Chattooga,unitedstates
305,Chautauqua,unitedstates
306,Chaves,unitedstates
307,Cheatham,unitedstates
308,Cheboygan,unitedstates
309,Chelan,unitedstates
310,Chemung,unitedstates
311,Chenango,unitedstates
312,Cherokee,unitedstates
313,Cherry,unitedstates
314,Chesapeake,unitedstates
315,Cheshire,unitedstates
316,Chester,unitedstates
317,Chesterfield,unitedstates
318,Cheyenne,unitedstates
319,Chickasaw,unitedstates
320,Chicot,unitedstates
321,Childress,unitedstates
322,Chilton,unitedstates
323,Chippewa,unitedstates
324,Chisago,unitedstates
325,Chittenden,unitedstates
326,Choctaw,unitedstates
327,Chouteau,unitedstates
328,Chowan,unitedstates
329,Christian,unitedstates
330,Churchill,unitedstates
331,Cibola,unitedstates
332,Cimarron,unitedstates
333,Citrus,unitedstates
334,Clackamas,unitedstates
335,Claiborne,unitedstates
336,Clallam,unitedstates
337,Clare,unitedstates
338,Clarendon,unitedstates
339,Clarion,unitedstates
340,Clark,unitedstates
341,Clarke,unitedstates
342,Clatsop,unitedstates
343,Clay,unitedstates
344,Clayton,unitedstates
345,ClearCreek,unitedstates
346,Clearfield,unitedstates
347,Clearwater,unitedstates
348,Cleburne,unitedstates
349,Clermont,unitedstates
350,Cleveland,unitedstates
351,CliftonForgeCity,unitedstates
352,Clinch,unitedstates
353,Clinton,unitedstates
354,Cloud,unitedstates
355,Coahoma,unitedstates
356,Coal,unitedstates
357,Cobb,unitedstates
358,Cochise,unitedstates
359,Cochran,unitedstates
360,Cocke,unitedstates
361,Coconino,unitedstates
362,Codington,unitedstates
363,Coffee,unitedstates
364,Coffey,unitedstates
365,Coke,unitedstates
366,Colbert,unitedstates
367,Cole,unitedstates
368,Coleman,unitedstates
369,Coles,unitedstates
370,Colfax,unitedstates
371,Colleton,unitedstates
372,Collier,unitedstates
373,Collin,unitedstates
374,Collingsworth,unitedstates
375,ColonialHeights,unitedstates
376,Colorado,unitedstates
377,Colquitt,unitedstates
378,Columbia,unitedstates
379,Columbiana,unitedstates
380,Columbus,unitedstates
381,Colusa,unitedstates
382,Comal,unitedstates
383,Comanche,unitedstates
384,Concho,unitedstates
385,Concordia,unitedstates
386,Conecuh,unitedstates
387,Conejos,unitedstates
388,ContraCosta,unitedstates
389,Converse,unitedstates
390,Conway,unitedstates
391,Cook,unitedstates
392,Cooke,unitedstates
393,Cooper,unitedstates
394,Coos,unitedstates
395,Coosa,unitedstates
396,Copiah,unitedstates
397,Corson,unitedstates
398,Cortland,unitedstates
399,Coryell,unitedstates
400,Coshocton,unitedstates
401,Costilla,unitedstates
402,Cottle,unitedstates
403,Cotton,unitedstates
404,Cottonwood,unitedstates
405,Covington,unitedstates
406,Coweta,unitedstates
407,Cowley,unitedstates
408,Cowlitz,unitedstates
409,Craig,unitedstates
410,Craighead,unitedstates
411,Crane,unitedstates
412,Craven,unitedstates
413,Crawford,unitedstates
414,Creek,unitedstates
415,Crenshaw,unitedstates
416,Crisp,unitedstates
417,Crittenden,unitedstates
418,Crockett,unitedstates
419,Crook,unitedstates
420,Crosby,unitedstates
421,Cross,unitedstates
422,CrowWing,unitedstates
423,Crowley,unitedstates
424,Culberson,unitedstates
425,Cullman,unitedstates
426,Culpeper,unitedstates
427,Cumberland,unitedstates
428,Cuming,unitedstates
429,Currituck,unitedstates
430,Curry,unitedstates
431,Custer,unitedstates
432,Cuyahoga,unitedstates
433,Dade,unitedstates
434,Daggett,unitedstates
435,Dakota,unitedstates
436,Dale,unitedstates
437,Dallam,unitedstates
438,Dallas,unitedstates
439,Dane,unitedstates
440,Daniels,unitedstates
441,Danville,unitedstates
442,Dare,unitedstates
443,Darke,unitedstates
444,Darlington,unitedstates
445,Dauphin,unitedstates
446,Davidson,unitedstates
447,Davie,unitedstates
448,Daviess,unitedstates
449,Davis,unitedstates
450,Davison,unitedstates
451,Dawes,unitedstates
452,Dawson,unitedstates
453,Day,unitedstates
454,DeKalb,unitedstates
455,DeSoto,unitedstates
456,DeWitt,unitedstates
457,DeafSmith,unitedstates
458,Dearborn,unitedstates
459,Debaca,unitedstates
460,Decatur,unitedstates
461,DeerLodge,unitedstates
462,Defiance,unitedstates
463,DeKalb,unitedstates
464,DelNorte,unitedstates
465,Delaware,unitedstates
466,Delta,unitedstates
467,Denali,unitedstates
468,Dent,unitedstates
469,Denton,unitedstates
470,Denver,unitedstates
471,DesMoines,unitedstates
472,Deschutes,unitedstates
473,Desha,unitedstates
474,Desoto,unitedstates
475,Deuel,unitedstates
476,Dewey,unitedstates
477,Dewitt,unitedstates
478,Dickens,unitedstates
479,Dickenson,unitedstates
480,Dickey,unitedstates
481,Dickinson,unitedstates
482,Dickson,unitedstates
483,Dillingham,unitedstates
484,Dillon,unitedstates
485,Dimmit,unitedstates
486,Dinwiddie,unitedstates
487,DistrictofColumbia,unitedstates
488,Divide,unitedstates
489,Dixie,unitedstates
490,Dixon,unitedstates
491,Doddridge,unitedstates
492,Dodge,unitedstates
493,Dolores,unitedstates
494,DonaAna,unitedstates
495,Doniphan,unitedstates
496,Donley,unitedstates
497,Dooly,unitedstates
498,Door,unitedstates
499,Dorchester,unitedstates
500,Dougherty,unitedstates
501,Douglas,unitedstates
502,Drew,unitedstates
503,Dubois,unitedstates
504,Dubuque,unitedstates
505,Duchesne,unitedstates
506,Dukes,unitedstates
507,Dundy,unitedstates
508,Dunklin,unitedstates
509,Dunn,unitedstates
510,Dupage,unitedstates
511,Duplin,unitedstates
512,Durham,unitedstates
513,Dutchess,unitedstates
514,Duval,unitedstates
515,Dyer,unitedstates
516,Eagle,unitedstates
517,Early,unitedstates
518,EastBatonRouge,unitedstates
519,EastCarroll,unitedstates
520,EastFeliciana,unitedstates
521,Eastland,unitedstates
522,Eaton,unitedstates
523,EauClaire,unitedstates
524,Echols,unitedstates
525,Ector,unitedstates
526,Eddy,unitedstates
527,Edgar,unitedstates
528,Edgecombe,unitedstates
529,Edgefield,unitedstates
530,Edmonson,unitedstates
531,Edmunds,unitedstates
532,Edwards,unitedstates
533,Effingham,unitedstates
534,ElDorado,unitedstates
535,ElPaso,unitedstates
536,Elbert,unitedstates
537,Elk,unitedstates
538,Elkhart,unitedstates
539,Elko,unitedstates
540,Elliott,unitedstates
541,Ellis,unitedstates
542,Ellsworth,unitedstates
543,Elmore,unitedstates
544,Emanuel,unitedstates
545,Emery,unitedstates
546,Emmet,unitedstates
547,Emmons,unitedstates
548,Emporia,unitedstates
549,Erath,unitedstates
550,Erie,unitedstates
551,Escambia,unitedstates
552,Esmeralda,unitedstates
553,Essex,unitedstates
554,Estill,unitedstates
555,Etowah,unitedstates
556,Eureka,unitedstates
557,Evangeline,unitedstates
558,Evans,unitedstates
559,FairbanksNorthStar,unitedstates
560,Fairfax,unitedstates
561,Fairfield,unitedstates
562,FallRiver,unitedstates
563,Fallon,unitedstates
564,Falls,unitedstates
565,FallsChurch,unitedstates
566,Fannin,unitedstates
567,Faribault,unitedstates
568,Faulk,unitedstates
569,Faulkner,unitedstates
570,Fauquier,unitedstates
571,Fayette,unitedstates
572,Fentress,unitedstates
573,Fergus,unitedstates
574,Ferry,unitedstates
575,Fillmore,unitedstates
576,Finney,unitedstates
577,Fisher,unitedstates
578,Flagler,unitedstates
579,Flathead,unitedstates
580,Fleming,unitedstates
581,Florence,unitedstates
582,Floyd,unitedstates
583,Fluvanna,unitedstates
584,Foard,unitedstates
585,FondduLac,unitedstates
586,Ford,unitedstates
587,Forest,unitedstates
588,Forrest,unitedstates
589,Forsyth,unitedstates
590,FortBend,unitedstates
591,Foster,unitedstates
592,Fountain,unitedstates
593,Franklin,unitedstates
594,Frederick,unitedstates
595,Fredericksburg,unitedstates
596,Freeborn,unitedstates
597,Freestone,unitedstates
598,Fremont,unitedstates
599,Fresno,unitedstates
600,Frio,unitedstates
601,Frontier,unitedstates
602,Fulton,unitedstates
603,Furnas,unitedstates
604,Gadsden,unitedstates
605,Gage,unitedstates
606,Gaines,unitedstates
607,Galax,unitedstates
608,Gallatin,unitedstates
609,Gallia,unitedstates
610,Galveston,unitedstates
611,Garden,unitedstates
612,Garfield,unitedstates
613,Garland,unitedstates
614,Garrard,unitedstates
615,Garrett,unitedstates
616,Garvin,unitedstates
617,Garza,unitedstates
618,Gasconade,unitedstates
619,Gaston,unitedstates
620,Gates,unitedstates
621,Geary,unitedstates
622,Geauga,unitedstates
623,Gem,unitedstates
624,Genesee,unitedstates
625,Geneva,unitedstates
626,Gentry,unitedstates
627,George,unitedstates
628,Georgetown,unitedstates
629,Gibson,unitedstates
630,Gila,unitedstates
631,Gilchrist,unitedstates
632,Giles,unitedstates
633,Gillespie,unitedstates
634,Gilliam,unitedstates
635,Gilmer,unitedstates
636,Gilpin,unitedstates
637,Glacier,unitedstates
638,Glades,unitedstates
639,Gladwin,unitedstates
640,Glascock,unitedstates
641,Glasscock,unitedstates
642,Glenn,unitedstates
643,Gloucester,unitedstates
644,Glynn,unitedstates
645,Gogebic,unitedstates
646,GoldenValley,unitedstates
647,Goliad,unitedstates
648,Gonzales,unitedstates
649,Goochland,unitedstates
650,Goodhue,unitedstates
651,Gooding,unitedstates
652,Gordon,unitedstates
653,Goshen,unitedstates
654,Gosper,unitedstates
655,Gove,unitedstates
656,Grady,unitedstates
657,Grafton,unitedstates
658,Graham,unitedstates
659,Grainger,unitedstates
660,Grand,unitedstates
661,GrandForks,unitedstates
662,GrandIsle,unitedstates
663,GrandTraverse,unitedstates
664,Granite,unitedstates
665,Grant,unitedstates
666,Granville,unitedstates
667,Gratiot,unitedstates
668,Graves,unitedstates
669,Gray,unitedstates
670,GraysHarbor,unitedstates
671,Grayson,unitedstates
672,Greeley,unitedstates
673,Green,unitedstates
674,GreenLake,unitedstates
675,Greenbrier,unitedstates
676,Greene,unitedstates
677,Greenlee,unitedstates
678,Greensville,unitedstates
679,Greenup,unitedstates
680,Greenville,unitedstates
681,Greenwood,unitedstates
682,Greer,unitedstates
683,Gregg,unitedstates
684,Gregory,unitedstates
685,Grenada,unitedstates
686,Griggs,unitedstates
687,Grimes,unitedstates
688,Grundy,unitedstates
689,Guadalupe,unitedstates
690,Guernsey,unitedstates
691,Guilford,unitedstates
692,Gulf,unitedstates
693,Gunnison,unitedstates
694,Guthrie,unitedstates
695,Gwinnett,unitedstates
696,Haakon,unitedstates
697,Habersham,unitedstates
698,Haines,unitedstates
699,Hale,unitedstates
700,Halifax,unitedstates
701,Hall,unitedstates
702,Hamblen,unitedstates
703,Hamilton,unitedstates
704,Hamlin,unitedstates
705,Hampden,unitedstates
706,Hampshire,unitedstates
707,Hampton,unitedstates
708,Hancock,unitedstates
709,Hand,unitedstates
710,Hanover,unitedstates
711,Hansford,unitedstates
712,Hanson,unitedstates
713,Haralson,unitedstates
714,Hardee,unitedstates
715,Hardeman,unitedstates
716,Hardin,unitedstates
717,Harding,unitedstates
718,Hardy,unitedstates
719,Harford,unitedstates
720,Harlan,unitedstates
721,Harmon,unitedstates
722,Harnett,unitedstates
723,Harney,unitedstates
724,Harper,unitedstates
725,Harris,unitedstates
726,Harrison,unitedstates
727,Harrisonburg,unitedstates
728,Hart,unitedstates
729,Hartford,unitedstates
730,Hartley,unitedstates
731,Harvey,unitedstates
732,Haskell,unitedstates
733,Hawaii,unitedstates
734,Hawkins,unitedstates
735,Hayes,unitedstates
736,Hays,unitedstates
737,Haywood,unitedstates
738,Heard,unitedstates
739,Hemphill,unitedstates
740,Hempstead,unitedstates
741,Henderson,unitedstates
742,Hendricks,unitedstates
743,Hendry,unitedstates
744,Hennepin,unitedstates
745,Henrico,unitedstates
746,Henry,unitedstates
747,Herkimer,unitedstates
748,Hernando,unitedstates
749,Hertford,unitedstates
750,Hettinger,unitedstates
751,Hickman,unitedstates
752,Hickory,unitedstates
753,Hidalgo,unitedstates
754,Highland,unitedstates
755,Highlands,unitedstates
756,Hill,unitedstates
757,Hillsborough,unitedstates
758,Hillsdale,unitedstates
759,Hinds,unitedstates
760,Hinsdale,unitedstates
761,Hitchcock,unitedstates
762,Hocking,unitedstates
763,Hockley,unitedstates
764,Hodgeman,unitedstates
765,Hoke,unitedstates
766,Holmes,unitedstates
767,Holt,unitedstates
768,Honolulu,unitedstates
769,Hood,unitedstates
770,HoodRiver,unitedstates
771,Hooker,unitedstates
772,Hopewell,unitedstates
773,Hopkins,unitedstates
774,Horry,unitedstates
775,HotSpring,unitedstates
776,HotSprings,unitedstates
777,Houghton,unitedstates
778,Houston,unitedstates
779,Howard,unitedstates
780,Howell,unitedstates
781,Hubbard,unitedstates
782,Hudson,unitedstates
783,Hudspeth,unitedstates
784,Huerfano,unitedstates
785,Hughes,unitedstates
786,Humboldt,unitedstates
787,Humphreys,unitedstates
788,Hunt,unitedstates
789,Hunterdon,unitedstates
790,Huntingdon,unitedstates
791,Huntington,unitedstates
792,Huron,unitedstates
793,Hutchinson,unitedstates
794,Hyde,unitedstates
795,Iberia,unitedstates
796,Iberville,unitedstates
797,Ida,unitedstates
798,Idaho,unitedstates
799,Imperial,unitedstates
800,Independence,unitedstates
801,IndianRiver,unitedstates
802,Indiana,unitedstates
803,Ingham,unitedstates
804,Inyo,unitedstates
805,Ionia,unitedstates
806,Iosco,unitedstates
807,Iowa,unitedstates
808,Iredell,unitedstates
809,Irion,unitedstates
810,Iron,unitedstates
811,Iroquois,unitedstates
812,Irwin,unitedstates
813,Isabella,unitedstates
814,Isanti,unitedstates
815,Island,unitedstates
816,IsleofWight,unitedstates
817,Issaquena,unitedstates
818,Itasca,unitedstates
819,Itawamba,unitedstates
820,Izard,unitedstates
821,Jack,unitedstates
822,Jackson,unitedstates
823,JamesCity,unitedstates
824,Jasper,unitedstates
825,Jay,unitedstates
826,JeffDavis,unitedstates
827,Jefferson,unitedstates
828,JeffersonDavis,unitedstates
829,Jenkins,unitedstates
830,Jennings,unitedstates
831,Jerauld,unitedstates
832,Jerome,unitedstates
833,Jersey,unitedstates
834,Jessamine,unitedstates
835,Jewell,unitedstates
836,JimHogg,unitedstates
837,JimWells,unitedstates
838,JoDaviess,unitedstates
839,Johnson,unitedstates
840,Johnston,unitedstates
841,Jones,unitedstates
842,Josephine,unitedstates
843,Juab,unitedstates
844,JudithBasin,unitedstates
845,Juneau,unitedstates
846,Juniata,unitedstates
847,Kalamazoo,unitedstates
848,Kalawao,unitedstates
849,Kalkaska,unitedstates
850,Kanabec,unitedstates
851,Kanawha,unitedstates
852,Kandiyohi,unitedstates
853,Kane,unitedstates
854,Kankakee,unitedstates
855,Karnes,unitedstates
856,Kauai,unitedstates
857,Kaufman,unitedstates
858,Kay,unitedstates
859,Kearney,unitedstates
860,Kearny,unitedstates
861,Keith,unitedstates
862,Kemper,unitedstates
863,KenaiPeninsula,unitedstates
864,Kendall,unitedstates
865,Kenedy,unitedstates
866,Kennebec,unitedstates
867,Kenosha,unitedstates
868,Kent,unitedstates
869,Kenton,unitedstates
870,Keokuk,unitedstates
871,Kern,unitedstates
872,Kerr,unitedstates
873,Kershaw,unitedstates
874,KetchikanGateway,unitedstates
875,Kewaunee,unitedstates
876,Keweenaw,unitedstates
877,KeyaPaha,unitedstates
878,Kidder,unitedstates
879,Kimball,unitedstates
880,Kimble,unitedstates
881,King,unitedstates
882,KingandQueen,unitedstates
883,KingGeorge,unitedstates
884,KingWilliam,unitedstates
885,Kingfisher,unitedstates
886,Kingman,unitedstates
887,Kings,unitedstates
888,Kingsbury,unitedstates
889,Kinney,unitedstates
890,Kiowa,unitedstates
891,KitCarson,unitedstates
892,Kitsap,unitedstates
893,Kittitas,unitedstates
894,Kittson,unitedstates
895,Klamath,unitedstates
896,Kleberg,unitedstates
897,Klickitat,unitedstates
898,Knott,unitedstates
899,Knox,unitedstates
900,KodiakIsland,unitedstates
901,Koochiching,unitedstates
902,Kootenai,unitedstates
903,Kosciusko,unitedstates
904,Kossuth,unitedstates
905,LaCrosse,unitedstates
906,LaPaz,unitedstates
907,LaPlata,unitedstates
908,LaSalle,unitedstates
909,Labette,unitedstates
910,LacquiParle,unitedstates
911,Lackawanna,unitedstates
912,Laclede,unitedstates
913,Lafayette,unitedstates
914,Lafourche,unitedstates
915,LaGrange,unitedstates
916,Lake,unitedstates
917,LakeandPeninsula,unitedstates
918,LakeErie,unitedstates
919,LakeHurron,unitedstates
920,LakeMichigan,unitedstates
921,LakeoftheWoods,unitedstates
922,LakeOntario,unitedstates
923,LakeSt.Clair,unitedstates
924,LakeSuperior,unitedstates
925,Lamar,unitedstates
926,Lamb,unitedstates
927,Lamoille,unitedstates
928,Lamoure,unitedstates
929,Lampasas,unitedstates
930,Lancaster,unitedstates
931,Lander,unitedstates
932,Lane,unitedstates
933,Langlade,unitedstates
934,Lanier,unitedstates
935,Lapeer,unitedstates
936,LaPorte,unitedstates
937,Laramie,unitedstates
938,Larimer,unitedstates
939,Larue,unitedstates
940,LasAnimas,unitedstates
941,Lassen,unitedstates
942,Latah,unitedstates
943,Latimer,unitedstates
944,Lauderdale,unitedstates
945,Laurel,unitedstates
946,Laurens,unitedstates
947,Lavaca,unitedstates
948,Lawrence,unitedstates
949,LeFlore,unitedstates
950,LeSueur,unitedstates
951,Lea,unitedstates
952,Leake,unitedstates
953,Leavenworth,unitedstates
954,Lebanon,unitedstates
955,Lee,unitedstates
956,Leelanau,unitedstates
957,Leflore,unitedstates
958,Lehigh,unitedstates
959,Lemhi,unitedstates
960,Lenawee,unitedstates
961,Lenoir,unitedstates
962,Leon,unitedstates
963,Leslie,unitedstates
964,Letcher,unitedstates
965,Levy,unitedstates
966,Lewis,unitedstates
967,LewisandClark,unitedstates
968,Lexington,unitedstates
969,Liberty,unitedstates
970,Licking,unitedstates
971,Limestone,unitedstates
972,Lincoln,unitedstates
973,Linn,unitedstates
974,Lipscomb,unitedstates
975,Litchfield,unitedstates
976,LittleRiver,unitedstates
977,LiveOak,unitedstates
978,Livingston,unitedstates
979,Llano,unitedstates
980,Logan,unitedstates
981,Long,unitedstates
982,Lonoke,unitedstates
983,Lorain,unitedstates
984,LosAlamos,unitedstates
985,LosAngeles,unitedstates
986,Loudon,unitedstates
987,Loudoun,unitedstates
988,Louisa,unitedstates
989,Loup,unitedstates
990,Love,unitedstates
991,Loving,unitedstates
992,Lowndes,unitedstates
993,Lubbock,unitedstates
994,Lucas,unitedstates
995,Luce,unitedstates
996,Lumpkin,unitedstates
997,Luna,unitedstates
998,Lunenburg,unitedstates
999,Luzerne,unitedstates
1000,Lycoming,unitedstates
1001,Lyman,unitedstates
1002,Lynchburg,unitedstates
1003,Lynn,unitedstates
1004,Lyon,unitedstates
1005,Mackinac,unitedstates
1006,Macomb,unitedstates
1007,Macon,unitedstates
1008,Macoupin,unitedstates
1009,Madera,unitedstates
1010,Madison,unitedstates
1011,Magoffin,unitedstates
1012,Mahaska,unitedstates
1013,Mahnomen,unitedstates
1014,Mahoning,unitedstates
1015,Major,unitedstates
1016,Malheur,unitedstates
1017,Manassas,unitedstates
1018,ManassasPark,unitedstates
1019,Manatee,unitedstates
1020,Manistee,unitedstates
1021,Manitowoc,unitedstates
1022,Marathon,unitedstates
1023,Marengo,unitedstates
1024,Maricopa,unitedstates
1025,Maries,unitedstates
1026,Marin,unitedstates
1027,Marinette,unitedstates
1028,Marion,unitedstates
1029,Mariposa,unitedstates
1030,Marlboro,unitedstates
1031,Marquette,unitedstates
1032,Marshall,unitedstates
1033,Martin,unitedstates
1034,Martinsville,unitedstates
1035,Mason,unitedstates
1036,Massac,unitedstates
1037,Matagorda,unitedstates
1038,Matanuska-Susitna,unitedstates
1039,Mathews,unitedstates
1040,Maui,unitedstates
1041,Maury,unitedstates
1042,Maverick,unitedstates
1043,Mayes,unitedstates
1044,McKean,unitedstates
1045,McClain,unitedstates
1046,McCone,unitedstates
1047,McCook,unitedstates
1048,McCormick,unitedstates
1049,McCracken,unitedstates
1050,McCreary,unitedstates
1051,McCulloch,unitedstates
1052,McCurtain,unitedstates
1053,McDonald,unitedstates
1054,McDonough,unitedstates
1055,McDowell,unitedstates
1056,McDuffie,unitedstates
1057,McHenry,unitedstates
1058,McIntosh,unitedstates
1059,McKenzie,unitedstates
1060,McKinley,unitedstates
1061,McLean,unitedstates
1062,McLennan,unitedstates
1063,McLeod,unitedstates
1064,McMinn,unitedstates
1065,McMullen,unitedstates
1066,McNairy,unitedstates
1067,McPherson,unitedstates
1068,Meade,unitedstates
1069,Meagher,unitedstates
1070,Mecklenburg,unitedstates
1071,Mecosta,unitedstates
1072,Medina,unitedstates
1073,Meeker,unitedstates
1074,Meigs,unitedstates
1075,Mellette,unitedstates
1076,Menard,unitedstates
1077,Mendocino,unitedstates
1078,Menifee,unitedstates
1079,Menominee,unitedstates
1080,Merced,unitedstates
1081,Mercer,unitedstates
1082,Meriwether,unitedstates
1083,Merrick,unitedstates
1084,Merrimack,unitedstates
1085,Mesa,unitedstates
1086,Metcalfe,unitedstates
1087,Miami,unitedstates
1088,Miami-Dade,unitedstates
1089,Middlesex,unitedstates
1090,Midland,unitedstates
1091,Mifflin,unitedstates
1092,Milam,unitedstates
1093,Millard,unitedstates
1094,MilleLacs,unitedstates
1095,Miller,unitedstates
1096,Mills,unitedstates
1097,Milwaukee,unitedstates
1098,Miner,unitedstates
1099,Mineral,unitedstates
1100,Mingo,unitedstates
1101,Minidoka,unitedstates
1102,Minnehaha,unitedstates
1103,Missaukee,unitedstates
1104,Mississippi,unitedstates
1105,Missoula,unitedstates
1106,Mitchell,unitedstates
1107,Mobile,unitedstates
1108,Modoc,unitedstates
1109,Moffat,unitedstates
1110,Mohave,unitedstates
1111,Moniteau,unitedstates
1112,Monmouth,unitedstates
1113,Mono,unitedstates
1114,Monona,unitedstates
1115,Monongalia,unitedstates
1116,Monroe,unitedstates
1117,Montague,unitedstates
1118,Montcalm,unitedstates
1119,Monterey,unitedstates
1120,Montezuma,unitedstates
1121,Montgomery,unitedstates
1122,Montmorency,unitedstates
1123,Montour,unitedstates
1124,Montrose,unitedstates
1125,Moody,unitedstates
1126,Moore,unitedstates
1127,Mora,unitedstates
1128,Morehouse,unitedstates
1129,Morgan,unitedstates
1130,Morrill,unitedstates
1131,Morris,unitedstates
1132,Morrison,unitedstates
1133,Morrow,unitedstates
1134,Morton,unitedstates
1135,Motley,unitedstates
1136,Moultrie,unitedstates
1137,Mountrail,unitedstates
1138,Mower,unitedstates
1139,Muhlenberg,unitedstates
1140,Multnomah,unitedstates
1141,Murray,unitedstates
1142,Muscatine,unitedstates
1143,Muscogee,unitedstates
1144,Muskegon,unitedstates
1145,Muskingum,unitedstates
1146,Muskogee,unitedstates
1147,Musselshell,unitedstates
1148,Nacogdoches,unitedstates
1149,Nance,unitedstates
1150,Nantucket,unitedstates
1151,Napa,unitedstates
1152,Nash,unitedstates
1153,Nassau,unitedstates
1154,Natchitoches,unitedstates
1155,Natrona,unitedstates
1156,Navajo,unitedstates
1157,Navarro,unitedstates
1158,Nelson,unitedstates
1159,Nemaha,unitedstates
1160,Neosho,unitedstates
1161,Neshoba,unitedstates
1162,Ness,unitedstates
1163,Nevada,unitedstates
1164,NewCastle,unitedstates
1165,NewHanover,unitedstates
1166,NewHaven,unitedstates
1167,NewKent,unitedstates
1168,NewLondon,unitedstates
1169,NewMadrid,unitedstates
1170,NewYork,unitedstates
1171,Newaygo,unitedstates
1172,Newberry,unitedstates
1173,Newport,unitedstates
1174,NewportNews,unitedstates
1175,Newton,unitedstates
1176,NezPerce,unitedstates
1177,Niagara,unitedstates
1178,Nicholas,unitedstates
1179,Nicollet,unitedstates
1180,Niobrara,unitedstates
1181,Noble,unitedstates
1182,Nobles,unitedstates
1183,Nodaway,unitedstates
1184,Nolan,unitedstates
1185,Nome,unitedstates
1186,Norfolk,unitedstates
1187,Norman,unitedstates
1188,NorthSlope,unitedstates
1189,Northampton,unitedstates
1190,Northumberland,unitedstates
1191,NorthwestArctic,unitedstates
1192,Norton,unitedstates
1193,Nottoway,unitedstates
1194,Nowata,unitedstates
1195,Noxubee,unitedstates
1196,Nuckolls,unitedstates
1197,Nueces,unitedstates
1198,Nye,unitedstates
1199,O'Brien,unitedstates
1200,Oakland,unitedstates
1201,Obion,unitedstates
1202,Ocean,unitedstates
1203,Oceana,unitedstates
1204,Ochiltree,unitedstates
1205,Oconee,unitedstates
1206,Oconto,unitedstates
1207,Ogemaw,unitedstates
1208,Ogle,unitedstates
1209,Oglethorpe,unitedstates
1210,Ohio,unitedstates
1211,Okaloosa,unitedstates
1212,Okanogan,unitedstates
1213,Okeechobee,unitedstates
1214,Okfuskee,unitedstates
1215,Oklahoma,unitedstates
1216,Okmulgee,unitedstates
1217,Oktibbeha,unitedstates
1218,Oldham,unitedstates
1219,Oliver,unitedstates
1220,Olmsted,unitedstates
1221,Oneida,unitedstates
1222,Onondaga,unitedstates
1223,Onslow,unitedstates
1224,Ontario,unitedstates
1225,Ontonagon,unitedstates
1226,Orange,unitedstates
1227,Orangeburg,unitedstates
1228,Oregon,unitedstates
1229,Orleans,unitedstates
1230,Osage,unitedstates
1231,Osborne,unitedstates
1232,Osceola,unitedstates
1233,Oscoda,unitedstates
1234,Oswego,unitedstates
1235,Otero,unitedstates
1236,Otoe,unitedstates
1237,Otsego,unitedstates
1238,Ottawa,unitedstates
1239,OtterTail,unitedstates
1240,Ouachita,unitedstates
1241,Ouray,unitedstates
1242,Outagamie,unitedstates
1243,Overton,unitedstates
1244,Owen,unitedstates
1245,Owsley,unitedstates
1246,Owyhee,unitedstates
1247,Oxford,unitedstates
1248,Ozark,unitedstates
1249,Ozaukee,unitedstates
1250,Pacific,unitedstates
1251,Page,unitedstates
1252,PalmBeach,unitedstates
1253,PaloAlto,unitedstates
1254,PaloPinto,unitedstates
1255,Pamlico,unitedstates
1256,Panola,unitedstates
1257,Park,unitedstates
1258,Parke,unitedstates
1259,Parker,unitedstates
1260,Parmer,unitedstates
1261,Pasco,unitedstates
1262,Pasquotank,unitedstates
1263,Passaic,unitedstates
1264,Patrick,unitedstates
1265,Paulding,unitedstates
1266,Pawnee,unitedstates
1267,Payette,unitedstates
1268,Payne,unitedstates
1269,Peach,unitedstates
1270,PearlRiver,unitedstates
1271,Pecos,unitedstates
1272,Pembina,unitedstates
1273,Pemiscot,unitedstates
1274,PendOreille,unitedstates
1275,Pender,unitedstates
1276,Pendleton,unitedstates
1277,Pennington,unitedstates
1278,Penobscot,unitedstates
1279,Peoria,unitedstates
1280,Pepin,unitedstates
1281,Perkins,unitedstates
1282,Perquimans,unitedstates
1283,Perry,unitedstates
1284,Pershing,unitedstates
1285,Person,unitedstates
1286,Petersburg,unitedstates
1287,Petroleum,unitedstates
1288,Pettis,unitedstates
1289,Phelps,unitedstates
1290,Philadelphia,unitedstates
1291,Phillips,unitedstates
1292,Piatt,unitedstates
1293,Pickaway,unitedstates
1294,Pickens,unitedstates
1295,Pickett,unitedstates
1296,Pierce,unitedstates
1297,Pike,unitedstates
1298,Pima,unitedstates
1299,Pinal,unitedstates
1300,Pine,unitedstates
1301,Pinellas,unitedstates
1302,Pipestone,unitedstates
1303,Piscataquis,unitedstates
1304,Pitkin,unitedstates
1305,Pitt,unitedstates
1306,Pittsburg,unitedstates
1307,Pittsylvania,unitedstates
1308,Piute,unitedstates
1309,Placer,unitedstates
1310,Plaquemines,unitedstates
1311,Platte,unitedstates
1312,Pleasants,unitedstates
1313,Plumas,unitedstates
1314,Plymouth,unitedstates
1315,Pocahontas,unitedstates
1316,Poinsett,unitedstates
1317,PointeCoupee,unitedstates
1318,Polk,unitedstates
1319,Pondera,unitedstates
1320,Pontotoc,unitedstates
1321,Pope,unitedstates
1322,Poquoson,unitedstates
1323,Portage,unitedstates
1324,Porter,unitedstates
1325,Portsmouth,unitedstates
1326,Posey,unitedstates
1327,Pottawatomie,unitedstates
1328,Pottawattamie,unitedstates
1329,Potter,unitedstates
1330,PowderRiver,unitedstates
1331,Powell,unitedstates
1332,Power,unitedstates
1333,Poweshiek,unitedstates
1334,Powhatan,unitedstates
1335,Prairie,unitedstates
1336,Pratt,unitedstates
1337,Preble,unitedstates
1338,Prentiss,unitedstates
1339,Presidio,unitedstates
1340,PresqueIsle,unitedstates
1341,Preston,unitedstates
1342,Price,unitedstates
1343,PrinceEdward,unitedstates
1344,PrinceGeorge,unitedstates
1345,PrinceGeorge's,unitedstates
1346,PrinceofWales-OuterKetchi,unitedstates
1347,PrinceWilliam,unitedstates
1348,Providence,unitedstates
1349,Prowers,unitedstates
1350,Pueblo,unitedstates
1351,Pulaski,unitedstates
1352,Pushmataha,unitedstates
1353,Putnam,unitedstates
1354,Quay,unitedstates
1355,QueenAnne's,unitedstates
1356,Queens,unitedstates
1357,Quitman,unitedstates
1358,Rabun,unitedstates
1359,Racine,unitedstates
1360,Radford,unitedstates
1361,Rains,unitedstates
1362,Raleigh,unitedstates
1363,Ralls,unitedstates
1364,Ramsey,unitedstates
1365,Randall,unitedstates
1366,Randolph,unitedstates
1367,Rankin,unitedstates
1368,Ransom,unitedstates
1369,Rapides,unitedstates
1370,Rappahannock,unitedstates
1371,Ravalli,unitedstates
1372,Rawlins,unitedstates
1373,Ray,unitedstates
1374,Reagan,unitedstates
1375,Real,unitedstates
1376,RedLake,unitedstates
1377,RedRiver,unitedstates
1378,RedWillow,unitedstates
1379,Redwood,unitedstates
1380,Reeves,unitedstates
1381,Refugio,unitedstates
1382,Reno,unitedstates
1383,Rensselaer,unitedstates
1384,Renville,unitedstates
1385,Republic,unitedstates
1386,Reynolds,unitedstates
1387,Rhea,unitedstates
1388,Rice,unitedstates
1389,Rich,unitedstates
1390,Richardson,unitedstates
1391,Richland,unitedstates
1392,Richmond,unitedstates
1393,Riley,unitedstates
1394,Ringgold,unitedstates
1395,RioArriba,unitedstates
1396,RioBlanco,unitedstates
1397,RioGrande,unitedstates
1398,Ripley,unitedstates
1399,Ritchie,unitedstates
1400,Riverside,unitedstates
1401,Roane,unitedstates
1402,Roanoke,unitedstates
1403,Roberts,unitedstates
1404,Robertson,unitedstates
1405,Robeson,unitedstates
1406,Rock,unitedstates
1407,RockIsland,unitedstates
1408,Rockbridge,unitedstates
1409,Rockcastle,unitedstates
1410,Rockdale,unitedstates
1411,Rockingham,unitedstates
1412,Rockland,unitedstates
1413,Rockwall,unitedstates
1414,RogerMills,unitedstates
1415,Rogers,unitedstates
1416,Rolette,unitedstates
1417,Rooks,unitedstates
1418,Roosevelt,unitedstates
1419,Roscommon,unitedstates
1420,Roseau,unitedstates
1421,Rosebud,unitedstates
1422,Ross,unitedstates
1423,Routt,unitedstates
1424,Rowan,unitedstates
1425,Runnels,unitedstates
1426,Rush,unitedstates
1427,Rusk,unitedstates
1428,Russell,unitedstates
1429,Rutherford,unitedstates
1430,Rutland,unitedstates
1431,Sabine,unitedstates
1432,Sac,unitedstates
1433,Sacramento,unitedstates
1434,Sagadahoc,unitedstates
1435,Saginaw,unitedstates
1436,Saguache,unitedstates
1437,SaintBernard,unitedstates
1438,SaintCharles,unitedstates
1439,SaintClair,unitedstates
1440,SaintCroix,unitedstates
1441,SaintFrancis,unitedstates
1442,SaintFrancois,unitedstates
1443,SaintHelena,unitedstates
1444,SaintJames,unitedstates
1445,SaintJohntheBaptist,unitedstates
1446,SaintJohns,unitedstates
1447,SaintJoseph,unitedstates
1448,SaintLandry,unitedstates
1449,SaintLawrence,unitedstates
1450,SaintLouis,unitedstates
1451,SaintLucie,unitedstates
1452,SaintMartin,unitedstates
1453,SaintMary,unitedstates
1454,SaintMary's,unitedstates
1455,SaintTammany,unitedstates
1456,SainteGenevieve,unitedstates
1457,Salem,unitedstates
1458,Saline,unitedstates
1459,SaltLake,unitedstates
1460,Saluda,unitedstates
1461,Sampson,unitedstates
1462,SanAugustine,unitedstates
1463,SanBenito,unitedstates
1464,SanBernardino,unitedstates
1465,SanDiego,unitedstates
1466,SanFrancisco,unitedstates
1467,SanJacinto,unitedstates
1468,SanJoaquin,unitedstates
1469,SanJuan,unitedstates
1470,SanLuisObispo,unitedstates
1471,SanMateo,unitedstates
1472,SanMiguel,unitedstates
1473,SanPatricio,unitedstates
1474,SanSaba,unitedstates
1475,Sanborn,unitedstates
1476,Sanders,unitedstates
1477,Sandoval,unitedstates
1478,Sandusky,unitedstates
1479,Sangamon,unitedstates
1480,Sanilac,unitedstates
1481,Sanpete,unitedstates
1482,SantaBarbara,unitedstates
1483,SantaClara,unitedstates
1484,SantaCruz,unitedstates
1485,SantaFe,unitedstates
1486,SantaRosa,unitedstates
1487,Sarasota,unitedstates
1488,Saratoga,unitedstates
1489,Sargent,unitedstates
1490,Sarpy,unitedstates
1491,Sauk,unitedstates
1492,Saunders,unitedstates
1493,Sawyer,unitedstates
1494,Schenectady,unitedstates
1495,Schleicher,unitedstates
1496,Schley,unitedstates
1497,Schoharie,unitedstates
1498,Schoolcraft,unitedstates
1499,Schuyler,unitedstates
1500,Schuylkill,unitedstates
1501,Scioto,unitedstates
1502,Scotland,unitedstates
1503,Scott,unitedstates
1504,ScottsBluff,unitedstates
1505,Screven,unitedstates
1506,Scurry,unitedstates
1507,Searcy,unitedstates
1508,Sebastian,unitedstates
1509,Sedgwick,unitedstates
1510,Seminole,unitedstates
1511,Seneca,unitedstates
1512,Sequatchie,unitedstates
1513,Sequoyah,unitedstates
1514,Sevier,unitedstates
1515,Seward,unitedstates
1516,Shackelford,unitedstates
1517,Shannon,unitedstates
1518,Sharkey,unitedstates
1519,Sharp,unitedstates
1520,Shasta,unitedstates
1521,Shawano,unitedstates
1522,Shawnee,unitedstates
1523,Sheboygan,unitedstates
1524,Shelby,unitedstates
1525,Shenandoah,unitedstates
1526,Sherburne,unitedstates
1527,Sheridan,unitedstates
1528,Sherman,unitedstates
1529,Shiawassee,unitedstates
1530,Shoshone,unitedstates
1531,Sibley,unitedstates
1532,Sierra,unitedstates
1533,SilverBow,unitedstates
1534,Simpson,unitedstates
1535,Sioux,unitedstates
1536,Siskiyou,unitedstates
1537,Sitka,unitedstates
1538,Skagit,unitedstates
1539,Skagway-Yakutat-Angoon,unitedstates
1540,Skamania,unitedstates
1541,Slope,unitedstates
1542,Smith,unitedstates
1543,Smyth,unitedstates
1544,Snohomish,unitedstates
1545,Snyder,unitedstates
1546,Socorro,unitedstates
1547,Solano,unitedstates
1548,Somerset,unitedstates
1549,Somervell,unitedstates
1550,Sonoma,unitedstates
1551,Southampton,unitedstates
1552,SoutheastFairbanks,unitedstates
1553,Spalding,unitedstates
1554,Spartanburg,unitedstates
1555,Spencer,unitedstates
1556,Spink,unitedstates
1557,Spokane,unitedstates
1558,Spotsylvania,unitedstates
1559,Stafford,unitedstates
1560,Stanislaus,unitedstates
1561,Stanley,unitedstates
1562,Stanly,unitedstates
1563,Stanton,unitedstates
1564,Stark,unitedstates
1565,Starke,unitedstates
1566,Starr,unitedstates
1567,Staunton,unitedstates
1568,Stearns,unitedstates
1569,Steele,unitedstates
1570,Stephens,unitedstates
1571,Stephenson,unitedstates
1572,Sterling,unitedstates
1573,Steuben,unitedstates
1574,Stevens,unitedstates
1575,Stewart,unitedstates
1576,Stillwater,unitedstates
1577,Stoddard,unitedstates
1578,Stokes,unitedstates
1579,Stone,unitedstates
1580,Stonewall,unitedstates
1581,Storey,unitedstates
1582,Story,unitedstates
1583,Strafford,unitedstates
1584,Stutsman,unitedstates
1585,Sublette,unitedstates
1586,Suffolk,unitedstates
1587,Sullivan,unitedstates
1588,Sully,unitedstates
1589,Summers,unitedstates
1590,Summit,unitedstates
1591,Sumner,unitedstates
1592,Sumter,unitedstates
1593,Sunflower,unitedstates
1594,Surry,unitedstates
1595,Susquehanna,unitedstates
1596,Sussex,unitedstates
1597,Sutter,unitedstates
1598,Sutton,unitedstates
1599,Suwannee,unitedstates
1600,Swain,unitedstates
1601,SweetGrass,unitedstates
1602,Sweetwater,unitedstates
1603,Swift,unitedstates
1604,Swisher,unitedstates
1605,Switzerland,unitedstates
1606,Talbot,unitedstates
1607,Taliaferro,unitedstates
1608,Talladega,unitedstates
1609,Tallahatchie,unitedstates
1610,Tallapoosa,unitedstates
1611,Tama,unitedstates
1612,Taney,unitedstates
1613,Tangipahoa,unitedstates
1614,Taos,unitedstates
1615,Tarrant,unitedstates
1616,Tate,unitedstates
1617,Tattnall,unitedstates
1618,Taylor,unitedstates
1619,Tazewell,unitedstates
1620,Tehama,unitedstates
1621,Telfair,unitedstates
1622,Teller,unitedstates
1623,Tensas,unitedstates
1624,Terrebonne,unitedstates
1625,Terrell,unitedstates
1626,Terry,unitedstates
1627,Teton,unitedstates
1628,Texas,unitedstates
1629,Thayer,unitedstates
1630,Thomas,unitedstates
1631,Throckmorton,unitedstates
1632,Thurston,unitedstates
1633,Tift,unitedstates
1634,Tillamook,unitedstates
1635,Tillman,unitedstates
1636,Tioga,unitedstates
1637,Tippah,unitedstates
1638,Tippecanoe,unitedstates
1639,Tipton,unitedstates
1640,Tishomingo,unitedstates
1641,Titus,unitedstates
1642,Todd,unitedstates
1643,Tolland,unitedstates
1644,TomGreen,unitedstates
1645,Tompkins,unitedstates
1646,Tooele,unitedstates
1647,Toole,unitedstates
1648,Toombs,unitedstates
1649,Torrance,unitedstates
1650,Towner,unitedstates
1651,Towns,unitedstates
1652,Traill,unitedstates
1653,Transylvania,unitedstates
1654,Traverse,unitedstates
1655,Travis,unitedstates
1656,Treasure,unitedstates
1657,Trego,unitedstates
1658,Trempealeau,unitedstates
1659,Treutlen,unitedstates
1660,Trigg,unitedstates
1661,Trimble,unitedstates
1662,Trinity,unitedstates
1663,Tripp,unitedstates
1664,Troup,unitedstates
1665,Trousdale,unitedstates
1666,Trumbull,unitedstates
1667,Tucker,unitedstates
1668,Tulare,unitedstates
1669,Tulsa,unitedstates
1670,Tunica,unitedstates
1671,Tuolumne,unitedstates
1672,Turner,unitedstates
1673,Tuscaloosa,unitedstates
1674,Tuscarawas,unitedstates
1675,Tuscola,unitedstates
1676,Twiggs,unitedstates
1677,TwinFalls,unitedstates
1678,Tyler,unitedstates
1679,Tyrrell,unitedstates
1680,Uinta,unitedstates
1681,Uintah,unitedstates
1682,Ulster,unitedstates
1683,Umatilla,unitedstates
1684,Unicoi,unitedstates
1685,Union,unitedstates
1686,Upshur,unitedstates
1687,Upson,unitedstates
1688,Upton,unitedstates
1689,Utah,unitedstates
1690,Uvalde,unitedstates
1691,ValVerde,unitedstates
1692,Valdez-Cordova,unitedstates
1693,Valencia,unitedstates
1694,Valley,unitedstates
1695,VanBuren,unitedstates
1696,VanWert,unitedstates
1697,VanZandt,unitedstates
1698,Vance,unitedstates
1699,Vanderburgh,unitedstates
1700,Venango,unitedstates
1701,Ventura,unitedstates
1702,Vermilion,unitedstates
1703,Vermillion,unitedstates
1704,Vernon,unitedstates
1705,Victoria,unitedstates
1706,Vigo,unitedstates
1707,Vilas,unitedstates
1708,Vinton,unitedstates
1709,VirginiaBeach,unitedstates
1710,Volusia,unitedstates
1711,Wabash,unitedstates
1712,Wabasha,unitedstates
1713,Wabaunsee,unitedstates
1714,WadeHampton,unitedstates
1715,Wadena,unitedstates
1716,Wagoner,unitedstates
1717,Wahkiakum,unitedstates
1718,Wake,unitedstates
1719,Wakulla,unitedstates
1720,Waldo,unitedstates
1721,Walker,unitedstates
1722,WallaWalla,unitedstates
1723,Wallace,unitedstates
1724,Waller,unitedstates
1725,Wallowa,unitedstates
1726,Walsh,unitedstates
1727,Walthall,unitedstates
1728,Walton,unitedstates
1729,Walworth,unitedstates
1730,Wapello,unitedstates
1731,Ward,unitedstates
1732,Ware,unitedstates
1733,Warren,unitedstates
1734,Warrick,unitedstates
1735,Wasatch,unitedstates
1736,Wasco,unitedstates
1737,Waseca,unitedstates
1738,Washakie,unitedstates
1739,Washburn,unitedstates
1740,Washington,unitedstates
1741,Washita,unitedstates
1742,Washoe,unitedstates
1743,Washtenaw,unitedstates
1744,Watauga,unitedstates
1745,Watonwan,unitedstates
1746,Waukesha,unitedstates
1747,Waupaca,unitedstates
1748,Waushara,unitedstates
1749,Wayne,unitedstates
1750,Waynesboro,unitedstates
1751,Weakley,unitedstates
1752,Webb,unitedstates
1753,Weber,unitedstates
1754,Webster,unitedstates
1755,Weld,unitedstates
1756,Wells,unitedstates
1757,WestBatonRouge,unitedstates
1758,WestCarroll,unitedstates
1759,WestFeliciana,unitedstates
1760,Westchester,unitedstates
1761,Westmoreland,unitedstates
1762,Weston,unitedstates
1763,Wetzel,unitedstates
1764,Wexford,unitedstates
1765,Wharton,unitedstates
1766,Whatcom,unitedstates
1767,Wheatland,unitedstates
1768,Wheeler,unitedstates
1769,White,unitedstates
1770,WhitePine,unitedstates
1771,Whiteside,unitedstates
1772,Whitfield,unitedstates
1773,Whitley,unitedstates
1774,Whitman,unitedstates
1775,Wibaux,unitedstates
1776,Wichita,unitedstates
1777,Wicomico,unitedstates
1778,Wilbarger,unitedstates
1779,Wilcox,unitedstates
1780,Wilkes,unitedstates
1781,Wilkin,unitedstates
1782,Wilkinson,unitedstates
1783,Will,unitedstates
1784,Willacy,unitedstates
1785,Williams,unitedstates
1786,Williamsburg,unitedstates
1787,Williamson,unitedstates
1788,Wilson,unitedstates
1789,Winchester,unitedstates
1790,Windham,unitedstates
1791,Windsor,unitedstates
1792,Winkler,unitedstates
1793,Winn,unitedstates
1794,Winnebago,unitedstates
1795,Winneshiek,unitedstates
1796,Winona,unitedstates
1797,Winston,unitedstates
1798,Wirt,unitedstates
1799,Wise,unitedstates
1800,Wolfe,unitedstates
1801,Wood,unitedstates
1802,Woodbury,unitedstates
1803,Woodford,unitedstates
1804,Woodruff,unitedstates
1805,Woods,unitedstates
1806,Woodson,unitedstates
1807,Woodward,unitedstates
1808,Worcester,unitedstates
1809,Worth,unitedstates
1810,Wrangell-Petersburg,unitedstates
1811,Wright,unitedstates
1812,Wyandot,unitedstates
1813,Wyandotte,unitedstates
1814,Wyoming,unitedstates
1815,Wythe,unitedstates
1816,Yadkin,unitedstates
1817,Yakima,unitedstates
1818,Yalobusha,unitedstates
1819,Yamhill,unitedstates
1820,Yancey,unitedstates
1821,Yankton,unitedstates
1822,Yates,unitedstates
1823,Yavapai,unitedstates
1824,Yazoo,unitedstates
1825,Yell,unitedstates
1826,YellowMedicine,unitedstates
1827,Yellowstone,unitedstates
1828,Yoakum,unitedstates
1829,Yolo,unitedstates
1830,York,unitedstates
1831,Young,unitedstates
1832,Yuba,unitedstates
1833,Yukon-Koyukuk,unitedstates
1834,Yuma,unitedstates
1835,Zapata,unitedstates
1836,Zavala,unitedstates
1837,Ziebach,unitedstates
,,
,,
,,
,,
,,
,,
,,
,,
,,
,,
,,
,,
,,
,,
,,
,,
,,
,,
,,
,,
,,
,,
,,
,,
,,
,,
,,
,,
,,
,,
,,
,,
,,
,,
,,
,,
,,
,,
,,
,,
,,
,,
,,
,,
,,
,,
,,
,,
,,
,,
,,
,,
,,
,,
,,
,,
,,
,,
,,
,,
,,
,,
,,
,,
,,
,,
,,
,,
,,
,,
,,
,,
,,
,,
,,
,,
,,
,,
,,
,,
,,
,,
,,
,,
,,
,,
,,
,,
,,
,,
,,
,,
,,
,,
,,
,,
,,
,,
,,
,,
,,
,,
,,
,,
,,
,,
,,
,,
,,
,,
,,
,,
,,
,,
,,
,,
,,
,,
,,
,,
,,
,,
,,
,,
,,
,,
,,
,,
,,
,,
,,
,,
,,
,,
,,
,,
,,
,,
,,
,,
,,
,,
,,
,,
,,
,,
,,
,,
,,
,,
,,
,,
,,
,,
,,
,,
,,
,,
,,
,,
,,
,,
,,
,,
,,
,,
,,
,,
,,
,,
,,
,,
,,
,,
,,
,,
,,
,,
,,
,,
,,
,,
,,
,,
,,
,,
,,
,,
,,
,,
,,
,,
,,
,,
,,
,,
,,
,,
,,
,,
,,
,,
,,
,,
,,
,,
,,
,,
,,
,,
,,
,,
,,
,,
,,
,,
,,
,,
,,
,,
,,
,,
,,
,,
,,
,,
,,
,,
,,
,,
,,
,,
,,
,,
,,
,,
,,
,,
,,
,,
,,
,,
,,
,,
,,
,,
,,
,,
,,
,,
,,
,,
,,
,,
,,
,,
,,
,,
,,
,,
,,
,,
,,
,,
,,
,,
,,
,,
,,
,,
,,
,,
,,
,,
,,
,,
,,
,,
,,
,,
,,
,,
,,
,,
,,
,,
,,
,,
,,
,,
,,
,,
,,
,,
,,
,,
,,
,,
,,
,,
,,
,,
,,
,,
,,
,,
,,
,,
,,
,,
,,
,,
,,
,,
,,
,,
,,
,,
,,
,,
,,
,,
,,
,,
,,
,,
,,
,,
,,
,,
,,
,,
,,
,,
,,
,,
,,
,,
,,
,,
,,
,,
,,
,,
,,
,,
,,
,,
,,
,,
,,
,,
,,
,,
,,
,,
,,
,,
,,
,,
,,
,,
,,
,,
,,
,,
,,
,,
,,
,,
,,
,,
,,
,,
,,
,,
,,
,,
,,
,,
,,
,,
,,
,,
,,
,,
,,
,,
,,
,,
,,
,,
,,
,,
,,
,,
,,
,,
,,
,,
,,
,,
,,
,,
,,
,,
,,
,,
,,
,,
,,
,,
,,
,,
,,
,,
,,
,,
,,
,,
,,
,,
,,
,,
,,
,,
,,
,,
,,
,,
,,
,,
,,
,,
,,
,,
,,
,,
,,
,,
,,
,,
,,
,,
,,
,,
,,
,,
,,
,,
,,
,,
,,
,,
,,
,,
,,
,,
,,
,,
,,
,,
,,
,,
,,
,,
,,
,,
,,
,,
,,
,,
,,
,,
,,
,,
,,
,,
,,
,,
,,
,,
,,
,,
,,
,,
,,
,,
,,
,,
,,
,,
,,
,,
,,
,,
,,
,,
,,
,,
,,
,,
,,
,,
,,
,,
,,
,,
,,
,,
,,
,,
,,
,,
,,
,,
,,
,,
,,
,,
,,
,,
,,
,,
,,
,,
,,
,,
,,
,,
,,
,,
,,
,,
,,
,,
,,
,,
,,
,,
,,
,,
,,
,,
,,
,,
,,
,,
,,
,,
,,
,,
,,
,,
,,
,,
,,
,,
,,
,,
,,
,,
,,
,,
,,
,,
,,
,,
,,
,,
,,
,,
,,
,,
,,
,,
,,
,,
,,
,,
,,
,,
,,
,,
,,
,,
,,
,,
,,
,,
,,
,,
,,
,,
,,
,,
,,
,,
,,
,,
,,
,,
,,
,,
,,
,,
,,
,,
,,
,,
,,
,,
,,
,,
,,
,,
,,
,,
,,
,,
,,
,,
,,
,,
,,
,,
,,
,,
,,
,,
,,
,,
,,
,,
,,
,,
,,
,,
,,
,,
,,
,,
,,
,,
,,
,,
,,
,,
,,
,,
,,
,,
,,
,,
,,
,,
,,
,,
,,
,,
,,
,,
,,
,,
,,
,,
,,
,,
,,
,,
,,
,,
,,
,,
,,
,,
,,
,,
,,
,,
,,
,,
,,
,,
,,
,,
,,
,,
,,
,,
,,
,,
,,
,,
,,
,,
,,
,,
,,
,,
,,
,,
,,
,,
,,
,,
,,
,,
,,
,,
,,
,,
,,
,,
,,
,,
,,
,,
,,
,,
,,
,,
,,
,,
,,
,,
,,
,,
,,
,,
,,
,,
,,
,,
,,
,,
,,
,,
,,
,,
,,
,,
,,
,,
,,
,,
,,
,,
,,
,,
,,
,,
,,
,,
,,
,,
,,
,,
,,
,,
,,
,,
,,
,,
,,
,,
,,
,,
,,
,,
,,
,,
,,
,,
,,
,,
,,
,,
,,
,,
,,
,,
,,
,,
,,
,,
,,
,,
,,
,,
,,
,,
,,
,,
,,
,,
,,
,,
,,
,,
,,
,,
,,
,,
,,
,,
,,
,,
,,
,,
,,
,,
,,
,,
,,
,,
,,
,,
,,
,,
,,
,,
,,
,,
,,
,,
,,
,,
,,
,,
,,
,,
,,
,,
,,
,,
,,
,,
,,
,,
,,
,,
,,
,,
,,
,,
,,
,,
,,
,,
,,
,,
,,
,,
,,
,,
,,
,,
,,
,,
,,
,,
,,
,,
,,
,,
,,
,,
,,
,,
,,
,,
,,
,,
,,
,,
,,
,,
,,
,,
,,
,,
,,
,,
,,
,,
,,
,,
,,
,,
,,
,,
,,
,,
,,
,,
,,
,,
,,
,,
,,
,,
,,
,,
,,
,,
,,
,,
,,
,,
,,
,,
,,
,,
,,
,,
,,
,,
,,
,,
,,
,,
,,
,,
,,
,,
,,
,,
,,
,,
,,
,,
,,
,,
,,
,,
,,
,,
,,
,,
,,
,,
,,
,,
,,
,,
,,
,,
,,
,,
,,
,,
,,
,,
,,
,,
,,
,,
,,
,,
,,
,,
,,
,,
,,
,,
,,
,,
,,
,,
,,
,,
,,
,,
,,
,,
,,
,,
,,
,,
,,
,,
,,
,,
,,
,,
,,
,,
,,
,,
,,
,,
,,
,,
,,
,,
,,
,,
,,
,,
,,
,,
,,
,,
,,
,,
,,
,,
,,
,,
,,
,,
,,
,,
,,
,,
,,
,,
,,
,,
,,
,,
,,
,,
,,
,,
,,
,,
,,
,,
,,
,,
,,
,,
,,
,,
,,
,,
,,
,,
,,
,,
,,
,,
,,
,,
,,
,,
,,
,,
,,
,,
,,
,,
,,
,,
,,
,,
,,
,,
,,
,,
,,
,,
,,
,,
,,
,,
,,
,,
,,
,,
,,
,,
,,
,,
,,
,,
,,
,,
,,
,,
,,
,,
,,
,,
,,
,,
,,
,,
,,
,,
,,
,,
,,
,,
,,
,,
,,
,,
,,
,,
,,
,,
,,
,,
,,
,,
,,
,,
,,
,,
,,
,,
,,
,,
,,
,,
,,
,,
,,
,,
,,
,,
,,
,,
,,
,,
,,
,,
,,
,,
,,
,,
,,
,,
,,
,,
,,
,,
,,
,,
,,
,,
,,
,,
,,
,,
,,
,,
,,
,,
,,
,,
,,
,,
,,
,,
,,
,,
,,
,,
,,
,,
,,
,,
,,
,,
,,
,,
,,
,,
,,
,,
,,
,,
,,
,,
,,
,,
,,
,,
,,
,,
,,
,,
,,
,,
,,
,,
,,
,,
,,
,,
,,
,,
,,
,,
,,
,,
,,
,,
,,
,,
,,
,,
,,
,,
,,
,,
,,
,,
,,
,,
,,
,,
,,
,,
,,
,,
,,
,,
,,
,,
,,
,,
,,
,,
,,
,,
,,
,,
,,
,,
,,
,,
,,
,,
,,
,,
,,
,,
,,
,,
,,
,,
,,
,,
,,
,,
,,
,,
,,
,,
,,
,,
,,
,,
,,
,,
,,
,,
,,
,,
,,
,,
,,
,,
,,
,,
,,
,,
,,
,,
,,
,,
,,
,,
,,
,,
,,
,,
,,
,,
,,
,,
,,
,,
,,
,,
,,
,,
,,
,,
,,
,,
,,
,,
,,
,,
,,
,,
,,
,,
,,
,,
,,
,,
